source_image,column,index_column,entry_no,raw_entry
"..\He 6481 (2,2_3_0014.jpg",left,,1,Abraham Johannis 37 542 963.
"..\He 6481 (2,2_3_0014.jpg",left,,2,— prep. eccl. Lancicien. 1157.
"..\He 6481 (2,2_3_0014.jpg",left,,3,— de Monaco 1432.
"..\He 6481 (2,2_3_0014.jpg",left,,4,— d. Nemersze de Novacuria 156 229 542.
"..\He 6481 (2,2_3_0014.jpg",left,,5,Achacius (Achatius) Frederici de Fyernaw al. de Zydendorf 37.
"..\He 6481 (2,2_3_0014.jpg",left,,6,— de Lichtensteyn 132.
"..\He 6481 (2,2_3_0014.jpg",left,,7,— de Radmansdorf 37.
"..\He 6481 (2,2_3_0014.jpg",left,,8,— de Walestein 1.
"..\He 6481 (2,2_3_0014.jpg",left,,9,Adalbertus Henrici 37.
"..\He 6481 (2,2_3_0014.jpg",left,,10,Adam Bess de Kuya 37.
"..\He 6481 (2,2_3_0014.jpg",left,,11,— tit. s. Cecilie presb. card. 37 345 347 527 630 729 1030.
"..\He 6481 (2,2_3_0014.jpg",left,,12,— de Colonia 1307.
"..\He 6481 (2,2_3_0014.jpg",left,,13,— de Geystorp (Gerstorp) 348 1224.
"..\He 6481 (2,2_3_0014.jpg",left,,14,— de Gladebach 1116.
"..\He 6481 (2,2_3_0014.jpg",left,,15,— Hebbonis (Hobbonis) de Catwyc 65 1024.
"..\He 6481 (2,2_3_0014.jpg",left,,16,— Herfurter 37.
"..\He 6481 (2,2_3_0014.jpg",left,,17,— Hugonis 38.
"..\He 6481 (2,2_3_0014.jpg",left,,18,— de Leyns 38.
"..\He 6481 (2,2_3_0014.jpg",left,,19,— Manhart de superiori Heymbach 38.
"..\He 6481 (2,2_3_0014.jpg",left,,20,— de Nezetitz 38.
"..\He 6481 (2,2_3_0014.jpg",left,,21,— Nicolai de Banchow 38 1311.
"..\He 6481 (2,2_3_0014.jpg",left,,22,— de Ponte 1222.
"..\He 6481 (2,2_3_0014.jpg",left,,23,— Teucher 1044.
"..\He 6481 (2,2_3_0014.jpg",left,,24,— Zas 1333.
"..\He 6481 (2,2_3_0014.jpg",left,,25,Adeko 39.
"..\He 6481 (2,2_3_0014.jpg",left,,26,Adelheid v. Alheyd.
"..\He 6481 (2,2_3_0014.jpg",left,,27,Adericus de Smalfrede 40.
"..\He 6481 (2,2_3_0014.jpg",left,,28,"Adolphus (Adulfus, Atholphus) de Angeren 331 366."
"..\He 6481 (2,2_3_0014.jpg",left,,29,— de Aspach 40.
"..\He 6481 (2,2_3_0014.jpg",left,,30,— de Brantlicht 40.
"..\He 6481 (2,2_3_0014.jpg",left,,31,— Bruwer 40.
"..\He 6481 (2,2_3_0014.jpg",left,,32,— Klabelench 970.
"..\He 6481 (2,2_3_0014.jpg",left,,33,— Cliven. et de Marka com. 40 728.
"..\He 6481 (2,2_3_0014.jpg",left,,34,— aep. Colon. 1358.
"..\He 6481 (2,2_3_0014.jpg",left,,35,— Fridach 89.
"..\He 6481 (2,2_3_0014.jpg",left,,36,— Grantzyn 40.
"..\He 6481 (2,2_3_0014.jpg",right,,1,Adolphus de Lynepe 197.
"..\He 6481 (2,2_3_0014.jpg",right,,2,— aep. Magunt. v. A. ep. Spiren.
"..\He 6481 (2,2_3_0014.jpg",right,,3,— de Medeman 122 123 324.
"..\He 6481 (2,2_3_0014.jpg",right,,4,"— de Monte, com. Ravensberg. 40 239."
"..\He 6481 (2,2_3_0014.jpg",right,,5,— com. Palatini Reni et dux Bavarie 816.
"..\He 6481 (2,2_3_0014.jpg",right,,6,— Ruwen 1238.
"..\He 6481 (2,2_3_0014.jpg",right,,7,"— ep. Spiren., aep. Magunt. 13 56 57 104 168 174 188 409 557 558 582 650 829 840 894 1121."
"..\He 6481 (2,2_3_0014.jpg",right,,8,— de Sulramen 367.
"..\He 6481 (2,2_3_0014.jpg",right,,9,— com. de Waldegge 946.
"..\He 6481 (2,2_3_0014.jpg",right,,10,— de Wylak 1185.
"..\He 6481 (2,2_3_0014.jpg",right,,11,— Wolteri de Bomel (Boemel) 40 103 373 557 1185 1211 1333.
"..\He 6481 (2,2_3_0014.jpg",right,,12,Adrianus 335.
"..\He 6481 (2,2_3_0014.jpg",right,,13,— Wilelmi Stugg hen 41.
"..\He 6481 (2,2_3_0014.jpg",right,,14,— de Heenvliet 41 1169.
"..\He 6481 (2,2_3_0014.jpg",right,,15,— Johannis de Biselinghen 41.
"..\He 6481 (2,2_3_0014.jpg",right,,16,Adulphus v. Adolphus.
"..\He 6481 (2,2_3_0014.jpg",right,,17,Affra 913 (v. Nicolaus Meltzer).
"..\He 6481 (2,2_3_0014.jpg",right,,18,— abba etc. mon. in Owensky 141.
"..\He 6481 (2,2_3_0014.jpg",right,,19,Agatha Heinyne 1171.
"..\He 6481 (2,2_3_0014.jpg",right,,20,— Jacobi 70 (v. Andreas Guilelmi Voppen).
"..\He 6481 (2,2_3_0014.jpg",right,,21,Agnes 55 (v. Albertus com. Holtzacie).
"..\He 6481 (2,2_3_0014.jpg",right,,22,— de Andlaw 42.
"..\He 6481 (2,2_3_0014.jpg",right,,23,— 69 (v. Andreas Essmayster).
"..\He 6481 (2,2_3_0014.jpg",right,,24,— Angerfelderin de Wyenna 1023 1185 (v. Rudolfus Angerfelder).
"..\He 6481 (2,2_3_0014.jpg",right,,25,— 121 (v. Bernhardus de Hantistain).
"..\He 6481 (2,2_3_0014.jpg",right,,26,— Chapfenbergerin 42.
"..\He 6481 (2,2_3_0014.jpg",right,,27,"— Colnerinn, abba mon. in Hohenwart 946."
"..\He 6481 (2,2_3_0014.jpg",right,,28,— 180 (v. Conradus Gruenwalder).
"..\He 6481 (2,2_3_0014.jpg",right,,29,— Emerici de Landenburg 618 (v. Johannes Faber de Muwer).
"..\He 6481 (2,2_3_0014.jpg",right,,30,— 42 (v. Folpardus de Hyen).
"..\He 6481 (2,2_3_0014.jpg",right,,31,— 285 (v. Fredericus com. de Bichelingen).
"..\He 6481 (2,2_3_0014.jpg",right,,32,— (v. Fridericus baro de Gundelfragen) 292.
"..\He 6481 (2,2_3_0014.jpg",right,,33,— 293 (v. Fridericus Hasler).
"..\He 6481 (2,2_3_0015.jpg",left,7,1,Agnes 295 (v. Fridericus Judex).
"..\He 6481 (2,2_3_0015.jpg",left,7,2,— 302 (v. Fredericus vom Staynhus).
"..\He 6481 (2,2_3_0015.jpg",left,7,3,— comitissa de Henneberg 999.
"..\He 6481 (2,2_3_0015.jpg",left,7,4,"— 1217 (v. Georgius Aron de Monte, Gerardus Schaup)."
"..\He 6481 (2,2_3_0015.jpg",left,7,5,— 1253 (v. Johannes de Kircheim).
"..\He 6481 (2,2_3_0015.jpg",left,7,6,"— 715 (v. Johannes Oltman, Conradus Brem)."
"..\He 6481 (2,2_3_0015.jpg",left,7,7,— 1028 (v. Johannes Stasser).
"..\He 6481 (2,2_3_0015.jpg",left,7,8,— 786 (v. Johannes Wernheri d. Frewler).
"..\He 6481 (2,2_3_0015.jpg",left,7,9,— 795 (v. Johannes de Wonde).
"..\He 6481 (2,2_3_0015.jpg",left,7,10,— 844 (v. Marquardus Archer).
"..\He 6481 (2,2_3_0015.jpg",left,7,11,— 876 (v. Nicolaus Altenach).
"..\He 6481 (2,2_3_0015.jpg",left,7,12,— 914 (v. Nicolaus Merebot).
"..\He 6481 (2,2_3_0015.jpg",left,7,13,— 928 (v. Nicolaus Stayner).
"..\He 6481 (2,2_3_0015.jpg",left,7,14,— 954 (v. Otto de Rielitz).
"..\He 6481 (2,2_3_0015.jpg",left,7,15,— 999 (v. Petrus d. Wolko de Antiqua Volavia).
"..\He 6481 (2,2_3_0015.jpg",left,7,16,— magistra in Pulgarn 42.
"..\He 6481 (2,2_3_0015.jpg",left,7,17,— Schifrin 69 (v. Andreas Vischel).
"..\He 6481 (2,2_3_0015.jpg",left,7,18,— Schiltyne 42.
"..\He 6481 (2,2_3_0015.jpg",left,7,19,— Schlichtingin 42.
"..\He 6481 (2,2_3_0015.jpg",left,7,20,— abba etc. mon. s. Servatii Traiect. 42.
"..\He 6481 (2,2_3_0015.jpg",left,7,21,— 1050 (v. Symon d. Wisker).
"..\He 6481 (2,2_3_0015.jpg",left,7,22,— Tydemanni de Monghelaer 267 (v. Philippus Arnesti).
"..\He 6481 (2,2_3_0015.jpg",left,7,23,— 1124 (v. Ulricus Bog al. d. Kleinuolrich).
"..\He 6481 (2,2_3_0015.jpg",left,7,24,— 42 (v. Ulricus Neydekker).
"..\He 6481 (2,2_3_0015.jpg",left,7,25,— de Wyssche 42.
"..\He 6481 (2,2_3_0015.jpg",left,7,26,Ayo de Pilsim 42.
"..\He 6481 (2,2_3_0015.jpg",left,7,27,Alanus Avis (d. Vogel) 43 87.
"..\He 6481 (2,2_3_0015.jpg",left,7,28,Alardus de Bastonia 741.
"..\He 6481 (2,2_3_0015.jpg",left,7,29,— Bremer 43 1086.
"..\He 6481 (2,2_3_0015.jpg",left,7,30,— de Dryel 43.
"..\He 6481 (2,2_3_0015.jpg",left,7,31,— Henconis 44.
"..\He 6481 (2,2_3_0015.jpg",left,7,32,— Jarici de Scauria 44.
"..\He 6481 (2,2_3_0015.jpg",left,7,33,— Johannis Alardi de Molendino 44 284 1223 1258 1313.
"..\He 6481 (2,2_3_0015.jpg",left,7,34,— de Quernhem 1333.
"..\He 6481 (2,2_3_0015.jpg",left,7,35,— Utenweerde 45.
"..\He 6481 (2,2_3_0015.jpg",left,7,36,Albericus Stanislai de Modlna 45.
"..\He 6481 (2,2_3_0015.jpg",left,7,37,Albero 221.
"..\He 6481 (2,2_3_0015.jpg",left,7,38,Albertus 631.
"..\He 6481 (2,2_3_0015.jpg",left,7,39,— 698.
"..\He 6481 (2,2_3_0015.jpg",left,7,40,— 1186.
"..\He 6481 (2,2_3_0015.jpg",left,7,41,— Adalberti de Cobilinc 45.
"..\He 6481 (2,2_3_0015.jpg",left,7,42,— Ade 45.
"..\He 6481 (2,2_3_0015.jpg",left,7,43,— abb. mon. Admont. 1170.
"..\He 6481 (2,2_3_0015.jpg",left,7,44,— de Adoltzheim 45.
"..\He 6481 (2,2_3_0015.jpg",left,7,45,— Alardi de Bartensten 11.
"..\He 6481 (2,2_3_0015.jpg",right,8,1,Albertus Alberti 46.
"..\He 6481 (2,2_3_0015.jpg",right,8,2,— Alberti de Blani 1185.
"..\He 6481 (2,2_3_0015.jpg",right,8,3,— Alberti Sartoris de Novacivitate 46.
"..\He 6481 (2,2_3_0015.jpg",right,8,4,— de Apeldornebeke 819.
"..\He 6481 (2,2_3_0015.jpg",right,8,5,— de Alpinis 1117.
"..\He 6481 (2,2_3_0015.jpg",right,8,6,— [III.] dux Austrie 1 46 83 112 607 996.
"..\He 6481 (2,2_3_0015.jpg",right,8,7,— [IV.] dux Austrie 291 597 1185 1225.
"..\He 6481 (2,2_3_0015.jpg",right,8,8,— de Backenstayn 795.
"..\He 6481 (2,2_3_0015.jpg",right,8,9,— Bandelowo v. A. Vincentii de B.
"..\He 6481 (2,2_3_0015.jpg",right,8,10,— Banner 1333.
"..\He 6481 (2,2_3_0015.jpg",right,8,11,— dux Bavarie et comes Hollandie 46 379 809.
"..\He 6481 (2,2_3_0015.jpg",right,8,12,— de Berka 1339.
"..\He 6481 (2,2_3_0015.jpg",right,8,13,— Bere 46.
"..\He 6481 (2,2_3_0015.jpg",right,8,14,— Bergherdorpe 515.
"..\He 6481 (2,2_3_0015.jpg",right,8,15,— de Berninchusen 501.
"..\He 6481 (2,2_3_0015.jpg",right,8,16,— de Biutelspach 46.
"..\He 6481 (2,2_3_0015.jpg",right,8,17,— Blarer 46 846 1002 1028.
"..\He 6481 (2,2_3_0015.jpg",right,8,18,— de Blomberghe 514.
"..\He 6481 (2,2_3_0015.jpg",right,8,19,— Bluecher 1400.
"..\He 6481 (2,2_3_0015.jpg",right,8,20,— Boppe 1212.
"..\He 6481 (2,2_3_0015.jpg",right,8,21,— de Borwangen 203.
"..\He 6481 (2,2_3_0015.jpg",right,8,22,— Botelstete 1186.
"..\He 6481 (2,2_3_0015.jpg",right,8,23,— aep. Bremen. 1 8 47 220 224 642 929 1008 1020.
"..\He 6481 (2,2_3_0015.jpg",right,8,24,— de Bussnang 584.
"..\He 6481 (2,2_3_0015.jpg",right,8,25,— de Kalba 47.
"..\He 6481 (2,2_3_0015.jpg",right,8,26,— Chastner de Intzing 1186.
"..\He 6481 (2,2_3_0015.jpg",right,8,27,— de Kauffungen (Kouffungen) 47 878 1105.
"..\He 6481 (2,2_3_0015.jpg",right,8,28,— d. Cellerarius 1149 1434.
"..\He 6481 (2,2_3_0015.jpg",right,8,29,— Kerkhoff 1039.
"..\He 6481 (2,2_3_0015.jpg",right,8,30,— Cerretyn 771.
"..\He 6481 (2,2_3_0015.jpg",right,8,31,— Kinling 47.
"..\He 6481 (2,2_3_0015.jpg",right,8,32,— de Cinnia 1359.
"..\He 6481 (2,2_3_0015.jpg",right,8,33,— burggravius de Kirchberg 47 1070.
"..\He 6481 (2,2_3_0015.jpg",right,8,34,— Kirchob 47.
"..\He 6481 (2,2_3_0015.jpg",right,8,35,— Knoche 47.
"..\He 6481 (2,2_3_0015.jpg",right,8,36,— Knopemaker 47 177.
"..\He 6481 (2,2_3_0015.jpg",right,8,37,— Chodel 1333.
"..\He 6481 (2,2_3_0015.jpg",right,8,38,— de Kolditz 48.
"..\He 6481 (2,2_3_0015.jpg",right,8,39,— Comitis 48.
"..\He 6481 (2,2_3_0015.jpg",right,8,40,— Conradi Legelin de Phortzhem 48.
"..\He 6481 (2,2_3_0015.jpg",right,8,41,— ep. Constant. 1334 1394 1415.
"..\He 6481 (2,2_3_0015.jpg",right,8,42,— de Constorff 1192 1339.
"..\He 6481 (2,2_3_0015.jpg",right,8,43,— Coper 48 809.
"..\He 6481 (2,2_3_0015.jpg",right,8,44,— de Creyenberch 49 144 807 1152 1186.
"..\He 6481 (2,2_3_0015.jpg",right,8,45,— Cremer 136.
"..\He 6481 (2,2_3_0015.jpg",right,8,46,— Crest 581.
"..\He 6481 (2,2_3_0015.jpg",right,8,47,— Crevet 853.
"..\He 6481 (2,2_3_0015.jpg",right,8,48,— de Chuden 48.
"..\He 6481 (2,2_3_0016.jpg",left,9,1,Albertus Kunow 1409.
"..\He 6481 (2,2_3_0016.jpg",left,9,2,— de Kuntz 50.
"..\He 6481 (2,2_3_0016.jpg",left,9,3,— de Curia 421 553 969.
"..\He 6481 (2,2_3_0016.jpg",left,9,4,— Derslai 51.
"..\He 6481 (2,2_3_0016.jpg",left,9,5,"— Dinslich de Saxonía, el. Argien. 1334."
"..\He 6481 (2,2_3_0016.jpg",left,9,6,— d. Dufel 227.
"..\He 6481 (2,2_3_0016.jpg",left,9,7,— Dureghe 51.
"..\He 6481 (2,2_3_0016.jpg",left,9,8,— Ebhing 1335.
"..\He 6481 (2,2_3_0016.jpg",left,9,9,— de Egmonda 629 793 1107.
"..\He 6481 (2,2_3_0016.jpg",left,9,10,— Einbecke 51.
"..\He 6481 (2,2_3_0016.jpg",left,9,11,— Eldagesim 51.
"..\He 6481 (2,2_3_0016.jpg",left,9,12,— de Eldingen 51 245.
"..\He 6481 (2,2_3_0016.jpg",left,9,13,— abb. mon. Elwangen. 52 689 1044.
"..\He 6481 (2,2_3_0016.jpg",left,9,14,— de Engla 52.
"..\He 6481 (2,2_3_0016.jpg",left,9,15,— de Erenberg 70 216 623.
"..\He 6481 (2,2_3_0016.jpg",left,9,16,— de Esschenweghe 767.
"..\He 6481 (2,2_3_0016.jpg",left,9,17,— Fabri 52.
"..\He 6481 (2,2_3_0016.jpg",left,9,18,— de Veltaw (Vettaw) 52 950.
"..\He 6481 (2,2_3_0016.jpg",left,9,19,— de Fischborn 13.
"..\He 6481 (2,2_3_0016.jpg",left,9,20,— Fischer 52.
"..\He 6481 (2,2_3_0016.jpg",left,9,21,— Fleischman 52 604 956 1044 1186 1200.
"..\He 6481 (2,2_3_0016.jpg",left,9,22,— Vogel 650.
"..\He 6481 (2,2_3_0016.jpg",left,9,23,— Volkenstorfer de Chiewczen 53.
"..\He 6481 (2,2_3_0016.jpg",left,9,24,— Vorkouffer 53.
"..\He 6481 (2,2_3_0016.jpg",left,9,25,— Vryensten 53.
"..\He 6481 (2,2_3_0016.jpg",left,9,26,— de Ganguli 774.
"..\He 6481 (2,2_3_0016.jpg",left,9,27,— Geffekeu v. A. Seffekeu.
"..\He 6481 (2,2_3_0016.jpg",left,9,28,— Gerardi de Oyta (Oyca) 53.
"..\He 6481 (2,2_3_0016.jpg",left,9,29,— Gotghemak (Gotgemark) 60 173 839.
"..\He 6481 (2,2_3_0016.jpg",left,9,30,— Gotherum et Suevorum rex v. A. Suecie rex.
"..\He 6481 (2,2_3_0016.jpg",left,9,31,— abb. mon. in Gotzaw 54.
"..\He 6481 (2,2_3_0016.jpg",left,9,32,— Grerupelcover 54.
"..\He 6481 (2,2_3_0016.jpg",left,9,33,"— Grippetan, abb. mon. s. Michaelis Hildesem. 54 58."
"..\He 6481 (2,2_3_0016.jpg",left,9,34,— Gryssten 404.
"..\He 6481 (2,2_3_0016.jpg",left,9,35,— Guldenkrone 1334.
"..\He 6481 (2,2_3_0016.jpg",left,9,36,— Gultzowe 853
"..\He 6481 (2,2_3_0016.jpg",left,9,37,— Gumperti 54.
"..\He 6481 (2,2_3_0016.jpg",left,9,38,— prep. Gure. 1114.
"..\He 6481 (2,2_3_0016.jpg",left,9,39,— de Haer 328 329.
"..\He 6481 (2,2_3_0016.jpg",left,9,40,— ep. Halberstad. 162 263 731 872 1098.
"..\He 6481 (2,2_3_0016.jpg",left,9,41,— Hamman 54 306.
"..\He 6481 (2,2_3_0016.jpg",left,9,42,— Hardi 54.
"..\He 6481 (2,2_3_0016.jpg",left,9,43,— de Haxthusen 1334.
"..\He 6481 (2,2_3_0016.jpg",left,9,44,— Heblinger 54.
"..\He 6481 (2,2_3_0016.jpg",left,9,45,— Heket 681.
"..\He 6481 (2,2_3_0016.jpg",left,9,46,— Hellinck (Helling) 236 836.
"..\He 6481 (2,2_3_0016.jpg",left,9,47,— ep. Herbipol. 494.
"..\He 6481 (2,2_3_0016.jpg",right,10,1,Albertus Hese 54.
"..\He 6481 (2,2_3_0016.jpg",right,10,2,— de Hespurg (Hesseburg) 256 723 882 996.
"..\He 6481 (2,2_3_0016.jpg",right,10,3,— Heumader 1334.
"..\He 6481 (2,2_3_0016.jpg",right,10,4,— Hirsinger 54.
"..\He 6481 (2,2_3_0016.jpg",right,10,5,— de Hoenloch 54 795.
"..\He 6481 (2,2_3_0016.jpg",right,10,6,— Hofart 361.
"..\He 6481 (2,2_3_0016.jpg",right,10,7,— Hofhenke 54.
"..\He 6481 (2,2_3_0016.jpg",right,10,8,— Hofmaier 1126.
"..\He 6481 (2,2_3_0016.jpg",right,10,9,— com. Holtzacie 55.
"..\He 6481 (2,2_3_0016.jpg",right,10,10,— de Horne 55 136 858.
"..\He 6481 (2,2_3_0016.jpg",right,10,11,— Jaghote 1334.
"..\He 6481 (2,2_3_0016.jpg",right,10,12,"— Jastrabetz, ep. (el.) Poznan. 55 73 79 229 905 915 963 1004 1168 1186 1196 1252 1287 1291 1300 1334."
"..\He 6481 (2,2_3_0016.jpg",right,10,13,— precept. dom. hosp. Jerus. Poznan. 1196.
"..\He 6481 (2,2_3_0016.jpg",right,10,14,— Johannis 55.
"..\He 6481 (2,2_3_0016.jpg",right,10,15,— Johannis de Wynnagora 55.
"..\He 6481 (2,2_3_0016.jpg",right,10,16,— de Imminchusen 55.
"..\He 6481 (2,2_3_0016.jpg",right,10,17,— de Landesrost 311.
"..\He 6481 (2,2_3_0016.jpg",right,10,18,— Laurentii de Lagewniki 762 1186.
"..\He 6481 (2,2_3_0016.jpg",right,10,19,— Liebhardi 1186.
"..\He 6481 (2,2_3_0016.jpg",right,10,20,— de Lindowe 55.
"..\He 6481 (2,2_3_0016.jpg",right,10,21,"— com. de Lyssenik (Lisnig) 662 1186 1249 (v. A. in Mutzow, A. in Penik)."
"..\He 6481 (2,2_3_0016.jpg",right,10,22,— baro de Litaw al. de Sterenberg 943.
"..\He 6481 (2,2_3_0016.jpg",right,10,23,— de Loden al. ten Antbade 56.
"..\He 6481 (2,2_3_0016.jpg",right,10,24,— Loebli 56.
"..\He 6481 (2,2_3_0016.jpg",right,10,25,— Lower 47 56.
"..\He 6481 (2,2_3_0016.jpg",right,10,26,— aep. Magdeburg. 1 8 56 114 383 438 577 608 652 735 873 1078.
"..\He 6481 (2,2_3_0016.jpg",right,10,27,— Meckmulen 58.
"..\He 6481 (2,2_3_0016.jpg",right,10,28,— Meyser 1397.
"..\He 6481 (2,2_3_0016.jpg",right,10,29,— abb. mon. in Mulnbrunne 1186.
"..\He 6481 (2,2_3_0016.jpg",right,10,30,— Muntzo de Rotenburg 58.
"..\He 6481 (2,2_3_0016.jpg",right,10,31,"— in Mutzow dominus, burggravius in Lissnik 58."
"..\He 6481 (2,2_3_0016.jpg",right,10,32,— Naon 58.
"..\He 6481 (2,2_3_0016.jpg",right,10,33,— Nisszelrit 58.
"..\He 6481 (2,2_3_0016.jpg",right,10,34,— Nusperger 1429.
"..\He 6481 (2,2_3_0016.jpg",right,10,35,— Ottensheyn 75.
"..\He 6481 (2,2_3_0016.jpg",right,10,36,— Otwecke 59.
"..\He 6481 (2,2_3_0016.jpg",right,10,37,— de Pachenstayn 901.
"..\He 6481 (2,2_3_0016.jpg",right,10,38,— ep. Patav. 8 26 155 340 529 615 800.
"..\He 6481 (2,2_3_0016.jpg",right,10,39,"— in Penik dominus, burggravius in Lissnik 58."
"..\He 6481 (2,2_3_0016.jpg",right,10,40,— Perner 59.
"..\He 6481 (2,2_3_0016.jpg",right,10,41,— dec. eccl. s. Petri Argent. 1307.
"..\He 6481 (2,2_3_0016.jpg",right,10,42,— Pincerna de Landisberg 48.
"..\He 6481 (2,2_3_0016.jpg",right,10,43,— Pynnonis (Pinonis) 59 914.
"..\He 6481 (2,2_3_0016.jpg",right,10,44,— de Potenstete (Putenstete) 1192 1339.
