source_image,entry_no,is_dash,firstname,firstname_variant,familyname,familyname_variant,alias,office,institution,reference,zusatz,column_num,raw_entry
"..\He 6481 (2,2_3_0014.jpg",1,0,Abraham,,Johannis,,,,,,,37 542 963,Abraham Johannis 37 542 963.
"..\He 6481 (2,2_3_0014.jpg",2,1,Abraham,,,,,prep.,eccl. Lancicien.,,,1157,— prep. eccl. Lancicien. 1157.
"..\He 6481 (2,2_3_0014.jpg",3,1,Abraham,,de Monaco,,,,,,,1432,— de Monaco 1432.
"..\He 6481 (2,2_3_0014.jpg",4,1,Abraham,,de Novacuria,,Nemersze,,,,,156 229 542,— d. Nemersze de Novacuria 156 229 542.
"..\He 6481 (2,2_3_0014.jpg",5,0,Achacius,Achatius,Frederici de Fyernaw de Zydendorf,,,,,,,37,Achacius (Achatius) Frederici de Fyernaw al. de Zydendorf 37.
"..\He 6481 (2,2_3_0014.jpg",6,1,Achacius,Achatius,de Lichtensteyn,,,,,,,132,— de Lichtensteyn 132.
"..\He 6481 (2,2_3_0014.jpg",7,1,Achacius,Achatius,de Radmansdorf,,,,,,,37,— de Radmansdorf 37.
"..\He 6481 (2,2_3_0014.jpg",8,1,Achacius,Achatius,de Walestein,,,,,,,1,— de Walestein 1.
"..\He 6481 (2,2_3_0014.jpg",9,0,Adalbertus,,Henrici,,,,,,,37,Adalbertus Henrici 37.
"..\He 6481 (2,2_3_0014.jpg",10,0,Adam,,Bess de Kuya,,,,,,,37,Adam Bess de Kuya 37.
"..\He 6481 (2,2_3_0014.jpg",11,1,Adam,,,,,tit. s. Cecilie presb. card.,,,,37 345 347 527 630 729 1030,— tit. s. Cecilie presb. card. 37 345 347 527 630 729 1030.
"..\He 6481 (2,2_3_0014.jpg",12,1,Adam,,de Colonia,,,,,,,1307,— de Colonia 1307.
"..\He 6481 (2,2_3_0014.jpg",13,1,Adam,,de Geystorp,Gerstorp,,,,,,348 1224,— de Geystorp (Gerstorp) 348 1224.
"..\He 6481 (2,2_3_0014.jpg",14,1,Adam,,de Gladebach,,,,,,,1116,— de Gladebach 1116.
"..\He 6481 (2,2_3_0014.jpg",15,1,Adam,,Hebbonis de Catwyc,Hobbonis,,,,,,65 1024,— Hebbonis (Hobbonis) de Catwyc 65 1024.
"..\He 6481 (2,2_3_0014.jpg",16,1,Adam,,Herfurter,,,,,,,37,— Herfurter 37.
"..\He 6481 (2,2_3_0014.jpg",17,1,Adam,,Hugonis,,,,,,,38,— Hugonis 38.
"..\He 6481 (2,2_3_0014.jpg",18,1,Adam,,de Leyns,,,,,,,38,— de Leyns 38.
"..\He 6481 (2,2_3_0014.jpg",19,1,Adam,,Manhart de superiori Heymbach,,,,,,,38,— Manhart de superiori Heymbach 38.
"..\He 6481 (2,2_3_0014.jpg",20,1,Adam,,de Nezetitz,,,,,,,38,— de Nezetitz 38.
"..\He 6481 (2,2_3_0014.jpg",21,1,Adam,,Nicolai de Banchow,,,,,,,38 1311,— Nicolai de Banchow 38 1311.
"..\He 6481 (2,2_3_0014.jpg",22,1,Adam,,de Ponte,,,,,,,1222,— de Ponte 1222.
"..\He 6481 (2,2_3_0014.jpg",23,1,Adam,,Teucher,,,,,,,1044,— Teucher 1044.
"..\He 6481 (2,2_3_0014.jpg",24,1,Adam,,Zas,,,,,,,1333,— Zas 1333.
"..\He 6481 (2,2_3_0014.jpg",25,0,Adeko,,,,,,,,,39,Adeko 39.
"..\He 6481 (2,2_3_0014.jpg",26,0,Adelheid,,,,,,,Alheyd,,,Adelheid v. Alheyd.
"..\He 6481 (2,2_3_0014.jpg",27,0,Adericus,,de Smalfrede,,,,,,,40,Adericus de Smalfrede 40.
"..\He 6481 (2,2_3_0014.jpg",28,0,Adolphus,"Adulfus, Atholphus",de Angeren,,,,,,,331 366,"Adolphus (Adulfus, Atholphus) de Angeren 331 366."
"..\He 6481 (2,2_3_0014.jpg",29,1,Adolphus,"Adulfus, Atholphus",de Aspach,,,,,,,40,— de Aspach 40.
"..\He 6481 (2,2_3_0014.jpg",30,1,Adolphus,"Adulfus, Atholphus",de Brantlicht,,,,,,,40,— de Brantlicht 40.
"..\He 6481 (2,2_3_0014.jpg",31,1,Adolphus,"Adulfus, Atholphus",Bruwer,,,,,,,40,— Bruwer 40.
"..\He 6481 (2,2_3_0014.jpg",32,1,Adolphus,"Adulfus, Atholphus",Klabelench,,,,,,,970,— Klabelench 970.
"..\He 6481 (2,2_3_0014.jpg",33,1,Adolphus,"Adulfus, Atholphus",Cliven. et de Marka,,,com.,,,,40 728,— Cliven. et de Marka com. 40 728.
"..\He 6481 (2,2_3_0014.jpg",34,1,Adolphus,"Adulfus, Atholphus",,,,aep. Colon.,,,,1358,— aep. Colon. 1358.
"..\He 6481 (2,2_3_0014.jpg",35,1,Adolphus,"Adulfus, Atholphus",Fridach,,,,,,,89,— Fridach 89.
"..\He 6481 (2,2_3_0014.jpg",36,1,Adolphus,"Adulfus, Atholphus",Grantzyn,,,,,,,40,— Grantzyn 40.
"..\He 6481 (2,2_3_0014.jpg",1,0,Adolphus,,de Lynepe,,,,,,,197,Adolphus de Lynepe 197.
"..\He 6481 (2,2_3_0014.jpg",2,1,Adolphus,,,,,aep. Magunt,,A. ep. Spiren,,,— aep. Magunt. v. A. ep. Spiren.
"..\He 6481 (2,2_3_0014.jpg",3,1,Adolphus,,de Medeman,,,,,,,122 123 324,— de Medeman 122 123 324.
"..\He 6481 (2,2_3_0014.jpg",4,1,Adolphus,,de Monte,,,com. Ravensberg.,,,,40 239,"— de Monte, com. Ravensberg. 40 239."
"..\He 6481 (2,2_3_0014.jpg",5,1,Adolphus,,,,,com. Palatini Reni et dux Bavarie,,,,816,— com. Palatini Reni et dux Bavarie 816.
"..\He 6481 (2,2_3_0014.jpg",6,1,Adolphus,,Ruwen,,,,,,,1238,— Ruwen 1238.
"..\He 6481 (2,2_3_0014.jpg",7,1,Adolphus,,,,,"ep. Spiren., aep. Magunt.",,,,13 56 57 104 168 174 188 409 557 558 582 650 829 840 894 1121,"— ep. Spiren., aep. Magunt. 13 56 57 104 168 174 188 409 557 558 582 650 829 840 894 1121."
"..\He 6481 (2,2_3_0014.jpg",8,1,Adolphus,,de Sulramen,,,,,,,367,— de Sulramen 367.
"..\He 6481 (2,2_3_0014.jpg",9,1,Adolphus,,,,,com. de Waldegge,,,,946,— com. de Waldegge 946.
"..\He 6481 (2,2_3_0014.jpg",10,1,Adolphus,,de Wylak,,,,,,,1185,— de Wylak 1185.
"..\He 6481 (2,2_3_0014.jpg",11,1,Adolphus,,Wolteri de Bomel,Boemel,,,,,,40 103 373 557 1185 1211 1333,— Wolteri de Bomel (Boemel) 40 103 373 557 1185 1211 1333.
"..\He 6481 (2,2_3_0014.jpg",12,0,Adrianus,,,,,,,,,335,Adrianus 335.
"..\He 6481 (2,2_3_0014.jpg",13,1,Adrianus,,Wilelmi Stugg hen,,,,,,,41,— Wilelmi Stugg hen 41.
"..\He 6481 (2,2_3_0014.jpg",14,1,Adrianus,,de Heenvliet,,,,,,,41 1169,— de Heenvliet 41 1169.
"..\He 6481 (2,2_3_0014.jpg",15,1,Adrianus,,Johannis de Biselinghen,,,,,,,41,— Johannis de Biselinghen 41.
"..\He 6481 (2,2_3_0014.jpg",16,0,Adulphus,,,,,,,Adolphus,,,Adulphus v. Adolphus.
"..\He 6481 (2,2_3_0014.jpg",17,0,Affra,,,,,,,Nicolaus Meltzer,,913,Affra 913 (v. Nicolaus Meltzer).
"..\He 6481 (2,2_3_0014.jpg",18,1,Affra,,,,,abba etc.,mon. in Owensky,,,141,— abba etc. mon. in Owensky 141.
"..\He 6481 (2,2_3_0014.jpg",19,0,Agatha,,Heinyne,,,,,,,1171,Agatha Heinyne 1171.
"..\He 6481 (2,2_3_0014.jpg",20,1,Agatha,,Jacobi,,,,,Andreas Guilelmi Voppen,,70,— Jacobi 70 (v. Andreas Guilelmi Voppen).
"..\He 6481 (2,2_3_0014.jpg",21,0,Agnes,,,,,,,Albertus com. Holtzacie,,55,Agnes 55 (v. Albertus com. Holtzacie).
"..\He 6481 (2,2_3_0014.jpg",22,1,Agnes,,de Andlaw,,,,,,,42,— de Andlaw 42.
"..\He 6481 (2,2_3_0014.jpg",23,1,Agnes,,,,,,,Andreas Essmayster,,69,— 69 (v. Andreas Essmayster).
"..\He 6481 (2,2_3_0014.jpg",24,1,Agnes,,Angerfelderin de Wyenna,,,,,Rudolfus Angerfelder,,1023 1185,— Angerfelderin de Wyenna 1023 1185 (v. Rudolfus Angerfelder).
"..\He 6481 (2,2_3_0014.jpg",25,1,Agnes,,,,,,,Bernhardus de Hantistain,,121,— 121 (v. Bernhardus de Hantistain).
"..\He 6481 (2,2_3_0014.jpg",26,1,Agnes,,Chapfenbergerin,,,,,,,42,— Chapfenbergerin 42.
"..\He 6481 (2,2_3_0014.jpg",27,1,Agnes,,Colnerinn,,,abba,mon. in Hohenwart,,,946,"— Colnerinn, abba mon. in Hohenwart 946."
"..\He 6481 (2,2_3_0014.jpg",28,1,Agnes,,,,,,,Conradus Gruenwalder,,180,— 180 (v. Conradus Gruenwalder).
"..\He 6481 (2,2_3_0014.jpg",29,1,Agnes,,Emerici de Landenburg,,,,,Johannes Faber de Muwer,,618,— Emerici de Landenburg 618 (v. Johannes Faber de Muwer).
"..\He 6481 (2,2_3_0014.jpg",30,1,Agnes,,,,,,,Folpardus de Hyen,,42,— 42 (v. Folpardus de Hyen).
"..\He 6481 (2,2_3_0014.jpg",31,1,Agnes,,,,,,,Fredericus com. de Bichelingen,,285,— 285 (v. Fredericus com. de Bichelingen).
"..\He 6481 (2,2_3_0014.jpg",32,1,Agnes,,,,,,,Fridericus baro de Gundelfragen,,292,— (v. Fridericus baro de Gundelfragen) 292.
"..\He 6481 (2,2_3_0014.jpg",33,1,Agnes,,,,,,,Fridericus Hasler,,293,— 293 (v. Fridericus Hasler).
"..\He 6481 (2,2_3_0015.jpg",1,0,Agnes,,,,,,,Fridericus Judex,,295,Agnes 295 (v. Fridericus Judex).
"..\He 6481 (2,2_3_0015.jpg",2,1,Agnes,,,,,,,Fredericus vom Staynhus,,302,— 302 (v. Fredericus vom Staynhus).
"..\He 6481 (2,2_3_0015.jpg",3,1,Agnes,,,,,comitissa de Henneberg,,,,999,— comitissa de Henneberg 999.
"..\He 6481 (2,2_3_0015.jpg",4,1,Agnes,,,,,,,"Georgius Aron de Monte, Gerardus Schaup",,1217,"— 1217 (v. Georgius Aron de Monte, Gerardus Schaup)."
"..\He 6481 (2,2_3_0015.jpg",5,1,Agnes,,,,,,,Johannes de Kircheim,,1253,— 1253 (v. Johannes de Kircheim).
"..\He 6481 (2,2_3_0015.jpg",6,1,Agnes,,,,,,,"Johannes Oltman, Conradus Brem",,715,"— 715 (v. Johannes Oltman, Conradus Brem)."
"..\He 6481 (2,2_3_0015.jpg",7,1,Agnes,,,,,,,Johannes Stasser,,1028,— 1028 (v. Johannes Stasser).
"..\He 6481 (2,2_3_0015.jpg",8,1,Agnes,,,,,,,Johannes Wernheri d. Frewler,,786,— 786 (v. Johannes Wernheri d. Frewler).
"..\He 6481 (2,2_3_0015.jpg",9,1,Agnes,,,,,,,Johannes de Wonde,,795,— 795 (v. Johannes de Wonde).
"..\He 6481 (2,2_3_0015.jpg",10,1,Agnes,,,,,,,Marquardus Archer,,844,— 844 (v. Marquardus Archer).
"..\He 6481 (2,2_3_0015.jpg",11,1,Agnes,,,,,,,Nicolaus Altenach,,876,— 876 (v. Nicolaus Altenach).
"..\He 6481 (2,2_3_0015.jpg",12,1,Agnes,,,,,,,Nicolaus Merebot,,914,— 914 (v. Nicolaus Merebot).
"..\He 6481 (2,2_3_0015.jpg",13,1,Agnes,,,,,,,Nicolaus Stayner,,928,— 928 (v. Nicolaus Stayner).
"..\He 6481 (2,2_3_0015.jpg",14,1,Agnes,,,,,,,Otto de Rielitz,,954,— 954 (v. Otto de Rielitz).
"..\He 6481 (2,2_3_0015.jpg",15,1,Agnes,,,,,,,Petrus d. Wolko de Antiqua Volavia,,999,— 999 (v. Petrus d. Wolko de Antiqua Volavia).
"..\He 6481 (2,2_3_0015.jpg",16,1,Agnes,,,,,magistra in Pulgarn,,,,42,— magistra in Pulgarn 42.
"..\He 6481 (2,2_3_0015.jpg",17,1,Agnes,,Schifrin,,,,,Andreas Vischel,,69,— Schifrin 69 (v. Andreas Vischel).
"..\He 6481 (2,2_3_0015.jpg",18,1,Agnes,,Schiltyne,,,,,,,42,— Schiltyne 42.
"..\He 6481 (2,2_3_0015.jpg",19,1,Agnes,,Schlichtingin,,,,,,,42,— Schlichtingin 42.
"..\He 6481 (2,2_3_0015.jpg",20,1,Agnes,,,,,abba etc.,mon. s. Servatii Traiect.,,,42,— abba etc. mon. s. Servatii Traiect. 42.
"..\He 6481 (2,2_3_0015.jpg",21,1,Agnes,,,,,,,Symon d. Wisker,,1050,— 1050 (v. Symon d. Wisker).
"..\He 6481 (2,2_3_0015.jpg",22,1,Agnes,,Tydemanni de Monghelaer,,,,,Philippus Arnesti,,267,— Tydemanni de Monghelaer 267 (v. Philippus Arnesti).
"..\He 6481 (2,2_3_0015.jpg",23,1,Agnes,,,,,,,Ulricus Bog al. d. Kleinuolrich,,1124,— 1124 (v. Ulricus Bog al. d. Kleinuolrich).
"..\He 6481 (2,2_3_0015.jpg",24,1,Agnes,,,,,,,Ulricus Neydekker,,42,— 42 (v. Ulricus Neydekker).
"..\He 6481 (2,2_3_0015.jpg",25,1,Agnes,,de Wyssche,,,,,,,42,— de Wyssche 42.
"..\He 6481 (2,2_3_0015.jpg",26,0,Ayo,,de Pilsim,,,,,,,42,Ayo de Pilsim 42.
"..\He 6481 (2,2_3_0015.jpg",27,0,Alanus,,Avis,d. Vogel,,,,,,43 87,Alanus Avis (d. Vogel) 43 87.
"..\He 6481 (2,2_3_0015.jpg",28,0,Alardus,,de Bastonia,,,,,,,741,Alardus de Bastonia 741.
"..\He 6481 (2,2_3_0015.jpg",29,1,Alardus,,Bremer,,,,,,,43 1086,— Bremer 43 1086.
"..\He 6481 (2,2_3_0015.jpg",30,1,Alardus,,de Dryel,,,,,,,43,— de Dryel 43.
"..\He 6481 (2,2_3_0015.jpg",31,1,Alardus,,Henconis,,,,,,,44,— Henconis 44.
"..\He 6481 (2,2_3_0015.jpg",32,1,Alardus,,Jarici de Scauria,,,,,,,44,— Jarici de Scauria 44.
"..\He 6481 (2,2_3_0015.jpg",33,1,Alardus,,Johannis Alardi de Molendino,,,,,,,44 284 1223 1258 1313,— Johannis Alardi de Molendino 44 284 1223 1258 1313.
"..\He 6481 (2,2_3_0015.jpg",34,1,Alardus,,de Quernhem,,,,,,,1333,— de Quernhem 1333.
"..\He 6481 (2,2_3_0015.jpg",35,1,Alardus,,Utenweerde,,,,,,,45,— Utenweerde 45.
"..\He 6481 (2,2_3_0015.jpg",36,0,Albericus,,Stanislai de Modlna,,,,,,,45,Albericus Stanislai de Modlna 45.
"..\He 6481 (2,2_3_0015.jpg",37,0,Albero,,,,,,,,,221,Albero 221.
"..\He 6481 (2,2_3_0015.jpg",38,0,Albertus,,,,,,,,,631,Albertus 631.
"..\He 6481 (2,2_3_0015.jpg",39,1,Albertus,,,,,,,,,698,— 698.
"..\He 6481 (2,2_3_0015.jpg",40,1,Albertus,,,,,,,,,1186,— 1186.
"..\He 6481 (2,2_3_0015.jpg",41,1,Albertus,,Adalberti de Cobilinc,,,,,,,45,— Adalberti de Cobilinc 45.
"..\He 6481 (2,2_3_0015.jpg",42,1,Albertus,,Ade,,,,,,,45,— Ade 45.
"..\He 6481 (2,2_3_0015.jpg",43,1,Albertus,,,,,abb.,mon. Admont.,,,1170,— abb. mon. Admont. 1170.
"..\He 6481 (2,2_3_0015.jpg",44,1,Albertus,,de Adoltzheim,,,,,,,45,— de Adoltzheim 45.
"..\He 6481 (2,2_3_0015.jpg",45,1,Albertus,,Alardi de Bartensten,,,,,,,11,— Alardi de Bartensten 11.
"..\He 6481 (2,2_3_0015.jpg",1,0,Albertus,,Alberti,,,,,,,46,Albertus Alberti 46.
"..\He 6481 (2,2_3_0015.jpg",2,1,Albertus,,Alberti de Blani,,,,,,,1185,— Alberti de Blani 1185.
"..\He 6481 (2,2_3_0015.jpg",3,1,Albertus,,Alberti Sartoris de Novacivitate,,,,,,,46,— Alberti Sartoris de Novacivitate 46.
"..\He 6481 (2,2_3_0015.jpg",4,1,Albertus,,de Apeldornebeke,,,,,,,819,— de Apeldornebeke 819.
"..\He 6481 (2,2_3_0015.jpg",5,1,Albertus,,de Alpinis,,,,,,,1117,— de Alpinis 1117.
"..\He 6481 (2,2_3_0015.jpg",6,1,Albertus,,[III.],,,dux Austrie,,,,1 46 83 112 607 996,— [III.] dux Austrie 1 46 83 112 607 996.
"..\He 6481 (2,2_3_0015.jpg",7,1,Albertus,,[IV.],,,dux Austrie,,,,291 597 1185 1225,— [IV.] dux Austrie 291 597 1185 1225.
"..\He 6481 (2,2_3_0015.jpg",8,1,Albertus,,de Backenstayn,,,,,,,795,— de Backenstayn 795.
"..\He 6481 (2,2_3_0015.jpg",9,1,Albertus,,Bandelowo,,,,,A. Vincentii de B,,,— Bandelowo v. A. Vincentii de B.
"..\He 6481 (2,2_3_0015.jpg",10,1,Albertus,,Banner,,,,,,,1333,— Banner 1333.
"..\He 6481 (2,2_3_0015.jpg",11,1,Albertus,,,,,dux Bavarie et comes Hollandie,,,,46 379 809,— dux Bavarie et comes Hollandie 46 379 809.
"..\He 6481 (2,2_3_0015.jpg",12,1,Albertus,,de Berka,,,,,,,1339,— de Berka 1339.
"..\He 6481 (2,2_3_0015.jpg",13,1,Albertus,,Bere,,,,,,,46,— Bere 46.
"..\He 6481 (2,2_3_0015.jpg",14,1,Albertus,,Bergherdorpe,,,,,,,515,— Bergherdorpe 515.
"..\He 6481 (2,2_3_0015.jpg",15,1,Albertus,,de Berninchusen,,,,,,,501,— de Berninchusen 501.
"..\He 6481 (2,2_3_0015.jpg",16,1,Albertus,,de Biutelspach,,,,,,,46,— de Biutelspach 46.
"..\He 6481 (2,2_3_0015.jpg",17,1,Albertus,,Blarer,,,,,,,46 846 1002 1028,— Blarer 46 846 1002 1028.
"..\He 6481 (2,2_3_0015.jpg",18,1,Albertus,,de Blomberghe,,,,,,,514,— de Blomberghe 514.
"..\He 6481 (2,2_3_0015.jpg",19,1,Albertus,,Bluecher,,,,,,,1400,— Bluecher 1400.
"..\He 6481 (2,2_3_0015.jpg",20,1,Albertus,,Boppe,,,,,,,1212,— Boppe 1212.
"..\He 6481 (2,2_3_0015.jpg",21,1,Albertus,,de Borwangen,,,,,,,203,— de Borwangen 203.
"..\He 6481 (2,2_3_0015.jpg",22,1,Albertus,,Botelstete,,,,,,,1186,— Botelstete 1186.
"..\He 6481 (2,2_3_0015.jpg",23,1,Albertus,,,,,aep. Bremen.,,,,1 8 47 220 224 642 929 1008 1020,— aep. Bremen. 1 8 47 220 224 642 929 1008 1020.
"..\He 6481 (2,2_3_0015.jpg",24,1,Albertus,,de Bussnang,,,,,,,584,— de Bussnang 584.
"..\He 6481 (2,2_3_0015.jpg",25,1,Albertus,,de Kalba,,,,,,,47,— de Kalba 47.
"..\He 6481 (2,2_3_0015.jpg",26,1,Albertus,,Chastner de Intzing,,,,,,,1186,— Chastner de Intzing 1186.
"..\He 6481 (2,2_3_0015.jpg",27,1,Albertus,,de Kauffungen,Kouffungen,,,,,,47 878 1105,— de Kauffungen (Kouffungen) 47 878 1105.
"..\He 6481 (2,2_3_0015.jpg",28,1,Albertus,,,,Cellerarius,,,,,1149 1434,— d. Cellerarius 1149 1434.
"..\He 6481 (2,2_3_0015.jpg",29,1,Albertus,,Kerkhoff,,,,,,,1039,— Kerkhoff 1039.
"..\He 6481 (2,2_3_0015.jpg",30,1,Albertus,,Cerretyn,,,,,,,771,— Cerretyn 771.
"..\He 6481 (2,2_3_0015.jpg",31,1,Albertus,,Kinling,,,,,,,47,— Kinling 47.
"..\He 6481 (2,2_3_0015.jpg",32,1,Albertus,,de Cinnia,,,,,,,1359,— de Cinnia 1359.
"..\He 6481 (2,2_3_0015.jpg",33,1,Albertus,,,,,burggravius de Kirchberg,,,,47 1070,— burggravius de Kirchberg 47 1070.
"..\He 6481 (2,2_3_0015.jpg",34,1,Albertus,,Kirchob,,,,,,,47,— Kirchob 47.
"..\He 6481 (2,2_3_0015.jpg",35,1,Albertus,,Knoche,,,,,,,47,— Knoche 47.
"..\He 6481 (2,2_3_0015.jpg",36,1,Albertus,,Knopemaker,,,,,,,47 177,— Knopemaker 47 177.
"..\He 6481 (2,2_3_0015.jpg",37,1,Albertus,,Chodel,,,,,,,1333,— Chodel 1333.
"..\He 6481 (2,2_3_0015.jpg",38,1,Albertus,,de Kolditz,,,,,,,48,— de Kolditz 48.
"..\He 6481 (2,2_3_0015.jpg",39,1,Albertus,,Comitis,,,,,,,48,— Comitis 48.
"..\He 6481 (2,2_3_0015.jpg",40,1,Albertus,,Conradi Legelin de Phortzhem,,,,,,,48,— Conradi Legelin de Phortzhem 48.
"..\He 6481 (2,2_3_0015.jpg",41,1,Albertus,,,,,ep. Constant.,,,,1334 1394 1415,— ep. Constant. 1334 1394 1415.
"..\He 6481 (2,2_3_0015.jpg",42,1,Albertus,,de Constorff,,,,,,,1192 1339,— de Constorff 1192 1339.
"..\He 6481 (2,2_3_0015.jpg",43,1,Albertus,,Coper,,,,,,,48 809,— Coper 48 809.
"..\He 6481 (2,2_3_0015.jpg",44,1,Albertus,,de Creyenberch,,,,,,,49 144 807 1152 1186,— de Creyenberch 49 144 807 1152 1186.
"..\He 6481 (2,2_3_0015.jpg",45,1,Albertus,,Cremer,,,,,,,136,— Cremer 136.
"..\He 6481 (2,2_3_0015.jpg",46,1,Albertus,,Crest,,,,,,,581,— Crest 581.
"..\He 6481 (2,2_3_0015.jpg",47,1,Albertus,,Crevet,,,,,,,853,— Crevet 853.
"..\He 6481 (2,2_3_0015.jpg",48,1,Albertus,,de Chuden,,,,,,,48,— de Chuden 48.
"..\He 6481 (2,2_3_0016.jpg",1,0,Albertus,,Kunow,,,,,,,1409,Albertus Kunow 1409.
"..\He 6481 (2,2_3_0016.jpg",2,1,Albertus,,de Kuntz,,,,,,,50,— de Kuntz 50.
"..\He 6481 (2,2_3_0016.jpg",3,1,Albertus,,de Curia,,,,,,,421 553 969,— de Curia 421 553 969.
"..\He 6481 (2,2_3_0016.jpg",4,1,Albertus,,Derslai,,,,,,,51,— Derslai 51.
"..\He 6481 (2,2_3_0016.jpg",5,1,Albertus,,Dinslich de Saxonía,,,el. Argien.,,,,1334,"— Dinslich de Saxonía, el. Argien. 1334."
"..\He 6481 (2,2_3_0016.jpg",6,1,Albertus,,,,Dufel,,,,,227,— d. Dufel 227.
"..\He 6481 (2,2_3_0016.jpg",7,1,Albertus,,Dureghe,,,,,,,51,— Dureghe 51.
"..\He 6481 (2,2_3_0016.jpg",8,1,Albertus,,Ebhing,,,,,,,1335,— Ebhing 1335.
"..\He 6481 (2,2_3_0016.jpg",9,1,Albertus,,de Egmonda,,,,,,,629 793 1107,— de Egmonda 629 793 1107.
"..\He 6481 (2,2_3_0016.jpg",10,1,Albertus,,Einbecke,,,,,,,51,— Einbecke 51.
"..\He 6481 (2,2_3_0016.jpg",11,1,Albertus,,Eldagesim,,,,,,,51,— Eldagesim 51.
"..\He 6481 (2,2_3_0016.jpg",12,1,Albertus,,de Eldingen,,,,,,,51 245,— de Eldingen 51 245.
"..\He 6481 (2,2_3_0016.jpg",13,1,Albertus,,,,,abb.,mon. Elwangen.,,,52 689 1044,— abb. mon. Elwangen. 52 689 1044.
"..\He 6481 (2,2_3_0016.jpg",14,1,Albertus,,de Engla,,,,,,,52,— de Engla 52.
"..\He 6481 (2,2_3_0016.jpg",15,1,Albertus,,de Erenberg,,,,,,,70 216 623,— de Erenberg 70 216 623.
"..\He 6481 (2,2_3_0016.jpg",16,1,Albertus,,de Esschenweghe,,,,,,,767,— de Esschenweghe 767.
"..\He 6481 (2,2_3_0016.jpg",17,1,Albertus,,Fabri,,,,,,,52,— Fabri 52.
"..\He 6481 (2,2_3_0016.jpg",18,1,Albertus,,de Veltaw,Vettaw,,,,,,52 950,— de Veltaw (Vettaw) 52 950.
"..\He 6481 (2,2_3_0016.jpg",19,1,Albertus,,de Fischborn,,,,,,,13,— de Fischborn 13.
"..\He 6481 (2,2_3_0016.jpg",20,1,Albertus,,Fischer,,,,,,,52,— Fischer 52.
"..\He 6481 (2,2_3_0016.jpg",21,1,Albertus,,Fleischman,,,,,,,52 604 956 1044 1186 1200,— Fleischman 52 604 956 1044 1186 1200.
"..\He 6481 (2,2_3_0016.jpg",22,1,Albertus,,Vogel,,,,,,,650,— Vogel 650.
"..\He 6481 (2,2_3_0016.jpg",23,1,Albertus,,Volkenstorfer de Chiewczen,,,,,,,53,— Volkenstorfer de Chiewczen 53.
"..\He 6481 (2,2_3_0016.jpg",24,1,Albertus,,Vorkouffer,,,,,,,53,— Vorkouffer 53.
"..\He 6481 (2,2_3_0016.jpg",25,1,Albertus,,Vryensten,,,,,,,53,— Vryensten 53.
"..\He 6481 (2,2_3_0016.jpg",26,1,Albertus,,de Ganguli,,,,,,,774,— de Ganguli 774.
"..\He 6481 (2,2_3_0016.jpg",27,1,Albertus,,Geffekeu,,,,,A. Seffekeu,,,— Geffekeu v. A. Seffekeu.
"..\He 6481 (2,2_3_0016.jpg",28,1,Albertus,,Gerardi de Oyta,Oyca,,,,,,53,— Gerardi de Oyta (Oyca) 53.
"..\He 6481 (2,2_3_0016.jpg",29,1,Albertus,,Gotghemak,Gotgemark,,,,,,60 173 839,— Gotghemak (Gotgemark) 60 173 839.
"..\He 6481 (2,2_3_0016.jpg",30,1,Albertus,,Gotherum et Suevorum,,,rex,,A. Suecie rex,,,— Gotherum et Suevorum rex v. A. Suecie rex.
"..\He 6481 (2,2_3_0016.jpg",31,1,Albertus,,,,,abb.,mon. in Gotzaw,,,54,— abb. mon. in Gotzaw 54.
"..\He 6481 (2,2_3_0016.jpg",32,1,Albertus,,Grerupelcover,,,,,,,54,— Grerupelcover 54.
"..\He 6481 (2,2_3_0016.jpg",33,1,Albertus,,Grippetan,,,abb.,mon. s. Michaelis Hildesem.,,,54 58,"— Grippetan, abb. mon. s. Michaelis Hildesem. 54 58."
"..\He 6481 (2,2_3_0016.jpg",34,1,Albertus,,Gryssten,,,,,,,404,— Gryssten 404.
"..\He 6481 (2,2_3_0016.jpg",35,1,Albertus,,Guldenkrone,,,,,,,1334,— Guldenkrone 1334.
"..\He 6481 (2,2_3_0016.jpg",36,1,Albertus,,Gultzowe,,,,,,,853,— Gultzowe 853
"..\He 6481 (2,2_3_0016.jpg",37,1,Albertus,,Gumperti,,,,,,,54,— Gumperti 54.
"..\He 6481 (2,2_3_0016.jpg",38,1,Albertus,,,,,prep. Gure.,,,,1114,— prep. Gure. 1114.
"..\He 6481 (2,2_3_0016.jpg",39,1,Albertus,,de Haer,,,,,,,328 329,— de Haer 328 329.
"..\He 6481 (2,2_3_0016.jpg",40,1,Albertus,,,,,ep. Halberstad.,,,,162 263 731 872 1098,— ep. Halberstad. 162 263 731 872 1098.
"..\He 6481 (2,2_3_0016.jpg",41,1,Albertus,,Hamman,,,,,,,54 306,— Hamman 54 306.
"..\He 6481 (2,2_3_0016.jpg",42,1,Albertus,,Hardi,,,,,,,54,— Hardi 54.
"..\He 6481 (2,2_3_0016.jpg",43,1,Albertus,,de Haxthusen,,,,,,,1334,— de Haxthusen 1334.
"..\He 6481 (2,2_3_0016.jpg",44,1,Albertus,,Heblinger,,,,,,,54,— Heblinger 54.
"..\He 6481 (2,2_3_0016.jpg",45,1,Albertus,,Heket,,,,,,,681,— Heket 681.
"..\He 6481 (2,2_3_0016.jpg",46,1,Albertus,,Hellinck,Helling,,,,,,236 836,— Hellinck (Helling) 236 836.
"..\He 6481 (2,2_3_0016.jpg",47,1,Albertus,,,,,ep. Herbipol.,,,,494,— ep. Herbipol. 494.
"..\He 6481 (2,2_3_0016.jpg",1,0,Albertus,,Hese,,,,,,,54,Albertus Hese 54.
"..\He 6481 (2,2_3_0016.jpg",2,1,Albertus,,de Hespurg,Hesseburg,,,,,,256 723 882 996,— de Hespurg (Hesseburg) 256 723 882 996.
"..\He 6481 (2,2_3_0016.jpg",3,1,Albertus,,Heumader,,,,,,,1334,— Heumader 1334.
"..\He 6481 (2,2_3_0016.jpg",4,1,Albertus,,Hirsinger,,,,,,,54,— Hirsinger 54.
"..\He 6481 (2,2_3_0016.jpg",5,1,Albertus,,de Hoenloch,,,,,,,54 795,— de Hoenloch 54 795.
"..\He 6481 (2,2_3_0016.jpg",6,1,Albertus,,Hofart,,,,,,,361,— Hofart 361.
"..\He 6481 (2,2_3_0016.jpg",7,1,Albertus,,Hofhenke,,,,,,,54,— Hofhenke 54.
"..\He 6481 (2,2_3_0016.jpg",8,1,Albertus,,Hofmaier,,,,,,,1126,— Hofmaier 1126.
"..\He 6481 (2,2_3_0016.jpg",9,1,Albertus,,,,,com. Holtzacie,,,,55,— com. Holtzacie 55.
"..\He 6481 (2,2_3_0016.jpg",10,1,Albertus,,de Horne,,,,,,,55 136 858,— de Horne 55 136 858.
"..\He 6481 (2,2_3_0016.jpg",11,1,Albertus,,Jaghote,,,,,,,1334,— Jaghote 1334.
"..\He 6481 (2,2_3_0016.jpg",12,1,Albertus,,Jastrabetz,,,ep. (el.) Poznan.,,,,55 73 79 229 905 915 963 1004 1168 1186 1196 1252 1287 1291 1300 1334,"— Jastrabetz, ep. (el.) Poznan. 55 73 79 229 905 915 963 1004 1168 1186 1196 1252 1287 1291 1300 1334."
"..\He 6481 (2,2_3_0016.jpg",13,1,Albertus,,,,,precept.,dom. hosp. Jerus. Poznan.,,,1196,— precept. dom. hosp. Jerus. Poznan. 1196.
"..\He 6481 (2,2_3_0016.jpg",14,1,Albertus,,Johannis,,,,,,,55,— Johannis 55.
"..\He 6481 (2,2_3_0016.jpg",15,1,Albertus,,Johannis de Wynnagora,,,,,,,55,— Johannis de Wynnagora 55.
"..\He 6481 (2,2_3_0016.jpg",16,1,Albertus,,de Imminchusen,,,,,,,55,— de Imminchusen 55.
"..\He 6481 (2,2_3_0016.jpg",17,1,Albertus,,de Landesrost,,,,,,,311,— de Landesrost 311.
"..\He 6481 (2,2_3_0016.jpg",18,1,Albertus,,Laurentii de Lagewniki,,,,,,,762 1186,— Laurentii de Lagewniki 762 1186.
"..\He 6481 (2,2_3_0016.jpg",19,1,Albertus,,Liebhardi,,,,,,,1186,— Liebhardi 1186.
"..\He 6481 (2,2_3_0016.jpg",20,1,Albertus,,de Lindowe,,,,,,,55,— de Lindowe 55.
"..\He 6481 (2,2_3_0016.jpg",21,1,Albertus,,,,,com. de Lyssenik (Lisnig),,"A. in Mutzow, A. in Penik",,662 1186 1249,"— com. de Lyssenik (Lisnig) 662 1186 1249 (v. A. in Mutzow, A. in Penik)."
"..\He 6481 (2,2_3_0016.jpg",22,1,Albertus,,,,,baro de Litaw al. de Sterenberg,,,,943,— baro de Litaw al. de Sterenberg 943.
"..\He 6481 (2,2_3_0016.jpg",23,1,Albertus,,de Loden ten Antbade,,,,,,,56,— de Loden al. ten Antbade 56.
"..\He 6481 (2,2_3_0016.jpg",24,1,Albertus,,Loebli,,,,,,,56,— Loebli 56.
"..\He 6481 (2,2_3_0016.jpg",25,1,Albertus,,Lower,,,,,,,47 56,— Lower 47 56.
"..\He 6481 (2,2_3_0016.jpg",26,1,Albertus,,,,,aep. Magdeburg.,,,,1 8 56 114 383 438 577 608 652 735 873 1078,— aep. Magdeburg. 1 8 56 114 383 438 577 608 652 735 873 1078.
"..\He 6481 (2,2_3_0016.jpg",27,1,Albertus,,Meckmulen,,,,,,,58,— Meckmulen 58.
"..\He 6481 (2,2_3_0016.jpg",28,1,Albertus,,Meyser,,,,,,,1397,— Meyser 1397.
"..\He 6481 (2,2_3_0016.jpg",29,1,Albertus,,,,,abb.,mon. in Mulnbrunne,,,1186,— abb. mon. in Mulnbrunne 1186.
"..\He 6481 (2,2_3_0016.jpg",30,1,Albertus,,Muntzo de Rotenburg,,,,,,,58,— Muntzo de Rotenburg 58.
"..\He 6481 (2,2_3_0016.jpg",31,1,Albertus,,in Mutzow,,,"dominus, burggravius in Lissnik",,,,58,"— in Mutzow dominus, burggravius in Lissnik 58."
"..\He 6481 (2,2_3_0016.jpg",32,1,Albertus,,Naon,,,,,,,58,— Naon 58.
"..\He 6481 (2,2_3_0016.jpg",33,1,Albertus,,Nisszelrit,,,,,,,58,— Nisszelrit 58.
"..\He 6481 (2,2_3_0016.jpg",34,1,Albertus,,Nusperger,,,,,,,1429,— Nusperger 1429.
"..\He 6481 (2,2_3_0016.jpg",35,1,Albertus,,Ottensheyn,,,,,,,75,— Ottensheyn 75.
"..\He 6481 (2,2_3_0016.jpg",36,1,Albertus,,Otwecke,,,,,,,59,— Otwecke 59.
"..\He 6481 (2,2_3_0016.jpg",37,1,Albertus,,de Pachenstayn,,,,,,,901,— de Pachenstayn 901.
"..\He 6481 (2,2_3_0016.jpg",38,1,Albertus,,,,,ep. Patav.,,,,8 26 155 340 529 615 800,— ep. Patav. 8 26 155 340 529 615 800.
"..\He 6481 (2,2_3_0016.jpg",39,1,Albertus,,in Penik,,,"dominus, burggravius in Lissnik",,,,58,"— in Penik dominus, burggravius in Lissnik 58."
"..\He 6481 (2,2_3_0016.jpg",40,1,Albertus,,Perner,,,,,,,59,— Perner 59.
"..\He 6481 (2,2_3_0016.jpg",41,1,Albertus,,,,,dec.,eccl. s. Petri Argent.,,,1307,— dec. eccl. s. Petri Argent. 1307.
"..\He 6481 (2,2_3_0016.jpg",42,1,Albertus,,Pincerna de Landisberg,,,,,,,48,— Pincerna de Landisberg 48.
"..\He 6481 (2,2_3_0016.jpg",43,1,Albertus,,Pynnonis,Pinonis,,,,,,59 914,— Pynnonis (Pinonis) 59 914.
"..\He 6481 (2,2_3_0016.jpg",44,1,Albertus,,de Potenstete,Putenstete,,,,,,1192 1339,— de Potenstete (Putenstete) 1192 1339.
